Workbook

Sheet WB
A1: Vessel Space Utilization Report - | H1: Selection: Source Bayplan, Actual Booking & CBF
A2: Service Lane : CGX/0005 | D2: EXPRESS BERLIN / XPBL2625WE | AA2: WB ALLOCATION : | AC2: 0 | AD2: TEUS, | AG2: MT, | AH2: 0 | AI2: RF PLUGS
A3: POD | D3: CNTAO | F3: CNSHA | H3: CNNGB | J3: CNSHK | L3: CNNSA | N3: MYPKG | P3: INMUN | R3: AEKLF | T3: OMSOH | V3: PKKHI | X3: CNTAO | AA3: TOTAL | AC3: TTL | AD3: ROB (TEUS) | AF3: UTILISATION | AH3: AVL | AJ3: RF Plug
A4: ETA | D4: 06/29 | F4: 07/03 | H4: 07/04 | J4: 07/07 | L4: 07/08 | N4: 07/13 | P4: SKIP | R4: 07/24 | T4: 07/27 | V4: 08/01 | X4: 08/16
A5: POL | D5: 20' | E5: 40' | F5: 20' | G5: 40' | H5: 20' | I5: 40' | J5: 20' | K5: 40' | L5: 20' | M5: 40' | N5: 20' | O5: 40' | P5: 20' | Q5: 40' | R5: 20' | S5: 40' | T5: 20' | U5: 40' | V5: 20' | W5: 40' | X5: 20' | Y5: 40' | AA5: 20' | AB5: 40' | AC5: TEUS | AD5: (All) | AE5: (LD) | AF5: (All) | AG5: (LD) | AH5: TEUs | AI5: Weight
A6: ROB | C6: LILIAN | AA6: =D6+F6+H6+J6+L6+N6+P6+R6+T6+V6+X6 -> 0 | AB6: =E6+G6+I6+K6+M6+O6+Q6+S6+U6+W6+Y6 -> 0 | AC6: =AA6+AB6*2 -> 0 | AD6: =0+AC6+AC7+AC8+AC9+AC10+AC11-(0) -> 0 | AE6: =0+AC6+AC7+AC8+AC9+AC10-((0)-(0)) -> 0 | AF6: =IF($AC$2>0,AD6/$AC$2,0) -> 0 | AG6: =IF($AC$2>0,AE6/$AC$2,0) -> 0
C7: SUL | AA7: =D7+F7+H7+J7+L7+N7+P7+R7+T7+V7+X7 -> 0 | AB7: =E7+G7+I7+K7+M7+O7+Q7+S7+U7+W7+Y7 -> 0 | AC7: =AA7+AB7*2 -> 0
C8: T/S | AA8: =D8+F8+H8+J8+L8+N8+P8+R8+T8+V8+X8 -> 0 | AB8: =E8+G8+I8+K8+M8+O8+Q8+S8+U8+W8+Y8 -> 0 | AC8: =AA8+AB8*2 -> 0
C9: SOC | AA9: =D9+F9+H9+J9+L9+N9+P9+R9+T9+V9+X9 -> 0 | AB9: =E9+G9+I9+K9+M9+O9+Q9+S9+U9+W9+Y9 -> 0 | AC9: =AA9+AB9*2 -> 0
C10: RF | AA10: =D10+F10+H10+J10+L10+N10+P10+R10+T10+V10+X10 -> 0 | AB10: =E10+G10+I10+K10+M10+O10+Q10+S10+U10+W10+Y10 -> 0 | AC10: =AA10+AB10*2 -> 0 | AJ10: =$AH$2-(AA10+AB10) -> 0
C11: MT | AA11: =D11+F11+H11+J11+L11+N11+P11+R11+T11+V11+X11 -> 0 | AB11: =E11+G11+I11+K11+M11+O11+Q11+S11+U11+W11+Y11 -> 0 | AC11: =AA11+AB11*2 -> 0
C12: Weight | AA12: =D12+F12+H12+J12+L12+N12+P12+R12+T12+V12+X12 -> 0 | AD12: =0+AA12-(0) -> 0 | AE12: =AD12-(AD6-AE6)*2 -> 0 | AF12: =IF($AF$2>0,AD12/$AF$2,0) -> 0 | AG12: =IF($AF$2>0,AE12/$AF$2,0) -> 0 | AI12: =$AF$2-AD12 -> 0
C13: TTL | D13: =D6+D7+D8+D9+D10+D11 -> 0 | E13: =E6+E7+E8+E9+E10+E11 -> 0 | F13: =F6+F7+F8+F9+F10+F11 -> 0 | G13: =G6+G7+G8+G9+G10+G11 -> 0 | H13: =H6+H7+H8+H9+H10+H11 -> 0 | I13: =I6+I7+I8+I9+I10+I11 -> 0 | J13: =J6+J7+J8+J9+J10+J11 -> 0 | K13: =K6+K7+K8+K9+K10+K11 -> 0 | ... Y13: =Y6+Y7+Y8+Y9+Y10+Y11 -> 0 | AA13: =AA6+AA7+AA8+AA9+AA10+AA11 -> 0 | AB13: =AB6+AB7+AB8+AB9+AB10+AB11 -> 0 | AC13: =AC6+AC7+AC8+AC9+AC10+AC11 -> 0 | AH13: =$AC$2-AD6 -> 0
A14: CNTAO | C14: LILIAN | AA14: =D14+F14+H14+J14+L14+N14+P14+R14+T14+V14+X14 -> 0 | AB14: =E14+G14+I14+K14+M14+O14+Q14+S14+U14+W14+Y14 -> 0 | AC14: =AA14+AB14*2 -> 0 | AD14: =AD6+AC14+AC15+AC16+AC17+AC18+AC19-(D102) -> 0 | AE14: =AE6+AC14+AC15+AC16+AC17+AC18-((D102)-(D99+E99*2)) -> 0 | AF14: =IF($AC$2>0,AD14/$AC$2,0) -> 0 | AG14: =IF($AC$2>0,AE14/$AC$2,0) -> 0
C15: SUL | AA15: =D15+F15+H15+J15+L15+N15+P15+R15+T15+V15+X15 -> 0 | AB15: =E15+G15+I15+K15+M15+O15+Q15+S15+U15+W15+Y15 -> 0 | AC15: =AA15+AB15*2 -> 0
C16: T/S | AA16: =D16+F16+H16+J16+L16+N16+P16+R16+T16+V16+X16 -> 0 | AB16: =E16+G16+I16+K16+M16+O16+Q16+S16+U16+W16+Y16 -> 0 | AC16: =AA16+AB16*2 -> 0
C17: SOC | AA17: =D17+F17+H17+J17+L17+N17+P17+R17+T17+V17+X17 -> 0 | AB17: =E17+G17+I17+K17+M17+O17+Q17+S17+U17+W17+Y17 -> 0 | AC17: =AA17+AB17*2 -> 0
C18: RF | AA18: =D18+F18+H18+J18+L18+N18+P18+R18+T18+V18+X18 -> 0 | AB18: =E18+G18+I18+K18+M18+O18+Q18+S18+U18+W18+Y18 -> 0 | AC18: =AA18+AB18*2 -> 0 | AJ18: =AJ10-(AA18+AB18)+(D98+E98) -> 0
A19: ETB | B19: 06/28 | C19: MT | AA19: =D19+F19+H19+J19+L19+N19+P19+R19+T19+V19+X19 -> 0 | AB19: =E19+G19+I19+K19+M19+O19+Q19+S19+U19+W19+Y19 -> 0 | AC19: =AA19+AB19*2 -> 0
A20: ETD | B20: 06/29 | C20: Weight | AA20: =D20+F20+H20+J20+L20+N20+P20+R20+T20+V20+X20 -> 0 | AD20: =AD12+AA20-(D103) -> 0 | AE20: =AD20-(AD14-AE14)*2 -> 0 | AF20: =IF($AF$2>0,AD20/$AF$2,0) -> 0 | AG20: =IF($AF$2>0,AE20/$AF$2,0) -> 0 | AI20: =$AF$2-AD20 -> 0
C21: TTL | D21: =D14+D15+D16+D17+D18+D19 -> 0 | E21: =E14+E15+E16+E17+E18+E19 -> 0 | F21: =F14+F15+F16+F17+F18+F19 -> 0 | G21: =G14+G15+G16+G17+G18+G19 -> 0 | H21: =H14+H15+H16+H17+H18+H19 -> 0 | I21: =I14+I15+I16+I17+I18+I19 -> 0 | J21: =J14+J15+J16+J17+J18+J19 -> 0 | K21: =K14+K15+K16+K17+K18+K19 -> 0 | ... Y21: =Y14+Y15+Y16+Y17+Y18+Y19 -> 0 | AA21: =AA14+AA15+AA16+AA17+AA18+AA19 -> 0 | AB21: =AB14+AB15+AB16+AB17+AB18+AB19 -> 0 | AC21: =AC14+AC15+AC16+AC17+AC18+AC19 -> 0 | AH21: =$AC$2-AD14 -> 0
A22: CNSHA | C22: LILIAN | AA22: =D22+F22+H22+J22+L22+N22+P22+R22+T22+V22+X22 -> 0 | AB22: =E22+G22+I22+K22+M22+O22+Q22+S22+U22+W22+Y22 -> 0 | AC22: =AA22+AB22*2 -> 0 | AD22: =AD14+AC22+AC23+AC24+AC25+AC26+AC27-(F102) -> 0 | AE22: =AE14+AC22+AC23+AC24+AC25+AC26-((F102)-(F99+G99*2)) -> 0 | AF22: =IF($AC$2>0,AD22/$AC$2,0) -> 0 | AG22: =IF($AC$2>0,AE22/$AC$2,0) -> 0
C23: SUL | AA23: =D23+F23+H23+J23+L23+N23+P23+R23+T23+V23+X23 -> 0 | AB23: =E23+G23+I23+K23+M23+O23+Q23+S23+U23+W23+Y23 -> 0 | AC23: =AA23+AB23*2 -> 0
C24: T/S | AA24: =D24+F24+H24+J24+L24+N24+P24+R24+T24+V24+X24 -> 0 | AB24: =E24+G24+I24+K24+M24+O24+Q24+S24+U24+W24+Y24 -> 0 | AC24: =AA24+AB24*2 -> 0
C25: SOC | AA25: =D25+F25+H25+J25+L25+N25+P25+R25+T25+V25+X25 -> 0 | AB25: =E25+G25+I25+K25+M25+O25+Q25+S25+U25+W25+Y25 -> 0 | AC25: =AA25+AB25*2 -> 0
C26: RF | AA26: =D26+F26+H26+J26+L26+N26+P26+R26+T26+V26+X26 -> 0 | AB26: =E26+G26+I26+K26+M26+O26+Q26+S26+U26+W26+Y26 -> 0 | AC26: =AA26+AB26*2 -> 0 | AJ26: =AJ18-(AA26+AB26)+(F98+G98) -> 0
A27: ETB | B27: 07/02 | C27: MT | AA27: =D27+F27+H27+J27+L27+N27+P27+R27+T27+V27+X27 -> 0 | AB27: =E27+G27+I27+K27+M27+O27+Q27+S27+U27+W27+Y27 -> 0 | AC27: =AA27+AB27*2 -> 0
A28: ETD | B28: 07/03 | C28: Weight | AA28: =D28+F28+H28+J28+L28+N28+P28+R28+T28+V28+X28 -> 0 | AD28: =AD20+AA28-(F103) -> 0 | AE28: =AD28-(AD22-AE22)*2 -> 0 | AF28: =IF($AF$2>0,AD28/$AF$2,0) -> 0 | AG28: =IF($AF$2>0,AE28/$AF$2,0) -> 0 | AI28: =$AF$2-AD28 -> 0
C29: TTL | D29: =D22+D23+D24+D25+D26+D27 -> 0 | E29: =E22+E23+E24+E25+E26+E27 -> 0 | F29: =F22+F23+F24+F25+F26+F27 -> 0 | G29: =G22+G23+G24+G25+G26+G27 -> 0 | H29: =H22+H23+H24+H25+H26+H27 -> 0 | I29: =I22+I23+I24+I25+I26+I27 -> 0 | J29: =J22+J23+J24+J25+J26+J27 -> 0 | K29: =K22+K23+K24+K25+K26+K27 -> 0 | ... Y29: =Y22+Y23+Y24+Y25+Y26+Y27 -> 0 | AA29: =AA22+AA23+AA24+AA25+AA26+AA27 -> 0 | AB29: =AB22+AB23+AB24+AB25+AB26+AB27 -> 0 | AC29: =AC22+AC23+AC24+AC25+AC26+AC27 -> 0 | AH29: =$AC$2-AD22 -> 0
A30: CNNGB | C30: LILIAN | AA30: =D30+F30+H30+J30+L30+N30+P30+R30+T30+V30+X30 -> 0 | AB30: =E30+G30+I30+K30+M30+O30+Q30+S30+U30+W30+Y30 -> 0 | AC30: =AA30+AB30*2 -> 0 | AD30: =AD22+AC30+AC31+AC32+AC33+AC34+AC35-(H102) -> 0 | AE30: =AE22+AC30+AC31+AC32+AC33+AC34-((H102)-(H99+I99*2)) -> 0 | AF30: =IF($AC$2>0,AD30/$AC$2,0) -> 0 | AG30: =IF($AC$2>0,AE30/$AC$2,0) -> 0
C31: SUL | AA31: =D31+F31+H31+J31+L31+N31+P31+R31+T31+V31+X31 -> 0 | AB31: =E31+G31+I31+K31+M31+O31+Q31+S31+U31+W31+Y31 -> 0 | AC31: =AA31+AB31*2 -> 0
C32: T/S | AA32: =D32+F32+H32+J32+L32+N32+P32+R32+T32+V32+X32 -> 0 | AB32: =E32+G32+I32+K32+M32+O32+Q32+S32+U32+W32+Y32 -> 0 | AC32: =AA32+AB32*2 -> 0
C33: SOC | AA33: =D33+F33+H33+J33+L33+N33+P33+R33+T33+V33+X33 -> 0 | AB33: =E33+G33+I33+K33+M33+O33+Q33+S33+U33+W33+Y33 -> 0 | AC33: =AA33+AB33*2 -> 0
C34: RF | AA34: =D34+F34+H34+J34+L34+N34+P34+R34+T34+V34+X34 -> 0 | AB34: =E34+G34+I34+K34+M34+O34+Q34+S34+U34+W34+Y34 -> 0 | AC34: =AA34+AB34*2 -> 0 | AJ34: =AJ26-(AA34+AB34)+(H98+I98) -> 0
A35: ETB | B35: 07/04 | C35: MT | AA35: =D35+F35+H35+J35+L35+N35+P35+R35+T35+V35+X35 -> 0 | AB35: =E35+G35+I35+K35+M35+O35+Q35+S35+U35+W35+Y35 -> 0 | AC35: =AA35+AB35*2 -> 0
A36: ETD | B36: 07/04 | C36: Weight | AA36: =D36+F36+H36+J36+L36+N36+P36+R36+T36+V36+X36 -> 0 | AD36: =AD28+AA36-(H103) -> 0 | AE36: =AD36-(AD30-AE30)*2 -> 0 | AF36: =IF($AF$2>0,AD36/$AF$2,0) -> 0 | AG36: =IF($AF$2>0,AE36/$AF$2,0) -> 0 | AI36: =$AF$2-AD36 -> 0
C37: TTL | D37: =D30+D31+D32+D33+D34+D35 -> 0 | E37: =E30+E31+E32+E33+E34+E35 -> 0 | F37: =F30+F31+F32+F33+F34+F35 -> 0 | G37: =G30+G31+G32+G33+G34+G35 -> 0 | H37: =H30+H31+H32+H33+H34+H35 -> 0 | I37: =I30+I31+I32+I33+I34+I35 -> 0 | J37: =J30+J31+J32+J33+J34+J35 -> 0 | K37: =K30+K31+K32+K33+K34+K35 -> 0 | ... Y37: =Y30+Y31+Y32+Y33+Y34+Y35 -> 0 | AA37: =AA30+AA31+AA32+AA33+AA34+AA35 -> 0 | AB37: =AB30+AB31+AB32+AB33+AB34+AB35 -> 0 | AC37: =AC30+AC31+AC32+AC33+AC34+AC35 -> 0 | AH37: =$AC$2-AD30 -> 0
A38: CNSHK | C38: LILIAN | AA38: =D38+F38+H38+J38+L38+N38+P38+R38+T38+V38+X38 -> 0 | AB38: =E38+G38+I38+K38+M38+O38+Q38+S38+U38+W38+Y38 -> 0 | AC38: =AA38+AB38*2 -> 0 | AD38: =AD30+AC38+AC39+AC40+AC41+AC42+AC43-(J102) -> 0 | AE38: =AE30+AC38+AC39+AC40+AC41+AC42-((J102)-(J99+K99*2)) -> 0 | AF38: =IF($AC$2>0,AD38/$AC$2,0) -> 0 | AG38: =IF($AC$2>0,AE38/$AC$2,0) -> 0
C39: SUL | AA39: =D39+F39+H39+J39+L39+N39+P39+R39+T39+V39+X39 -> 0 | AB39: =E39+G39+I39+K39+M39+O39+Q39+S39+U39+W39+Y39 -> 0 | AC39: =AA39+AB39*2 -> 0
C40: T/S | AA40: =D40+F40+H40+J40+L40+N40+P40+R40+T40+V40+X40 -> 0 | AB40: =E40+G40+I40+K40+M40+O40+Q40+S40+U40+W40+Y40 -> 0 | AC40: =AA40+AB40*2 -> 0
C41: SOC | AA41: =D41+F41+H41+J41+L41+N41+P41+R41+T41+V41+X41 -> 0 | AB41: =E41+G41+I41+K41+M41+O41+Q41+S41+U41+W41+Y41 -> 0 | AC41: =AA41+AB41*2 -> 0
C42: RF | AA42: =D42+F42+H42+J42+L42+N42+P42+R42+T42+V42+X42 -> 0 | AB42: =E42+G42+I42+K42+M42+O42+Q42+S42+U42+W42+Y42 -> 0 | AC42: =AA42+AB42*2 -> 0 | AJ42: =AJ34-(AA42+AB42)+(J98+K98) -> 0
A43: ETB | B43: 07/07 | C43: MT | AA43: =D43+F43+H43+J43+L43+N43+P43+R43+T43+V43+X43 -> 0 | AB43: =E43+G43+I43+K43+M43+O43+Q43+S43+U43+W43+Y43 -> 0 | AC43: =AA43+AB43*2 -> 0
A44: ETD | B44: 07/07 | C44: Weight | AA44: =D44+F44+H44+J44+L44+N44+P44+R44+T44+V44+X44 -> 0 | AD44: =AD36+AA44-(J103) -> 0 | AE44: =AD44-(AD38-AE38)*2 -> 0 | AF44: =IF($AF$2>0,AD44/$AF$2,0) -> 0 | AG44: =IF($AF$2>0,AE44/$AF$2,0) -> 0 | AI44: =$AF$2-AD44 -> 0
C45: TTL | D45: =D38+D39+D40+D41+D42+D43 -> 0 | E45: =E38+E39+E40+E41+E42+E43 -> 0 | F45: =F38+F39+F40+F41+F42+F43 -> 0 | G45: =G38+G39+G40+G41+G42+G43 -> 0 | H45: =H38+H39+H40+H41+H42+H43 -> 0 | I45: =I38+I39+I40+I41+I42+I43 -> 0 | J45: =J38+J39+J40+J41+J42+J43 -> 0 | K45: =K38+K39+K40+K41+K42+K43 -> 0 | ... Y45: =Y38+Y39+Y40+Y41+Y42+Y43 -> 0 | AA45: =AA38+AA39+AA40+AA41+AA42+AA43 -> 0 | AB45: =AB38+AB39+AB40+AB41+AB42+AB43 -> 0 | AC45: =AC38+AC39+AC40+AC41+AC42+AC43 -> 0 | AH45: =$AC$2-AD38 -> 0
A46: CNNSA | C46: LILIAN | AA46: =D46+F46+H46+J46+L46+N46+P46+R46+T46+V46+X46 -> 0 | AB46: =E46+G46+I46+K46+M46+O46+Q46+S46+U46+W46+Y46 -> 0 | AC46: =AA46+AB46*2 -> 0 | AD46: =AD38+AC46+AC47+AC48+AC49+AC50+AC51-(L102) -> 0 | AE46: =AE38+AC46+AC47+AC48+AC49+AC50-((L102)-(L99+M99*2)) -> 0 | AF46: =IF($AC$2>0,AD46/$AC$2,0) -> 0 | AG46: =IF($AC$2>0,AE46/$AC$2,0) -> 0
C47: SUL | AA47: =D47+F47+H47+J47+L47+N47+P47+R47+T47+V47+X47 -> 0 | AB47: =E47+G47+I47+K47+M47+O47+Q47+S47+U47+W47+Y47 -> 0 | AC47: =AA47+AB47*2 -> 0
C48: T/S | AA48: =D48+F48+H48+J48+L48+N48+P48+R48+T48+V48+X48 -> 0 | AB48: =E48+G48+I48+K48+M48+O48+Q48+S48+U48+W48+Y48 -> 0 | AC48: =AA48+AB48*2 -> 0
C49: SOC | AA49: =D49+F49+H49+J49+L49+N49+P49+R49+T49+V49+X49 -> 0 | AB49: =E49+G49+I49+K49+M49+O49+Q49+S49+U49+W49+Y49 -> 0 | AC49: =AA49+AB49*2 -> 0
C50: RF | AA50: =D50+F50+H50+J50+L50+N50+P50+R50+T50+V50+X50 -> 0 | AB50: =E50+G50+I50+K50+M50+O50+Q50+S50+U50+W50+Y50 -> 0 | AC50: =AA50+AB50*2 -> 0 | AJ50: =AJ42-(AA50+AB50)+(L98+M98) -> 0
A51: ETB | B51: 07/07 | C51: MT | AA51: =D51+F51+H51+J51+L51+N51+P51+R51+T51+V51+X51 -> 0 | AB51: =E51+G51+I51+K51+M51+O51+Q51+S51+U51+W51+Y51 -> 0 | AC51: =AA51+AB51*2 -> 0
A52: ETD | B52: 07/08 | C52: Weight | AA52: =D52+F52+H52+J52+L52+N52+P52+R52+T52+V52+X52 -> 0 | AD52: =AD44+AA52-(L103) -> 0 | AE52: =AD52-(AD46-AE46)*2 -> 0 | AF52: =IF($AF$2>0,AD52/$AF$2,0) -> 0 | AG52: =IF($AF$2>0,AE52/$AF$2,0) -> 0 | AI52: =$AF$2-AD52 -> 0
C53: TTL | D53: =D46+D47+D48+D49+D50+D51 -> 0 | E53: =E46+E47+E48+E49+E50+E51 -> 0 | F53: =F46+F47+F48+F49+F50+F51 -> 0 | G53: =G46+G47+G48+G49+G50+G51 -> 0 | H53: =H46+H47+H48+H49+H50+H51 -> 0 | I53: =I46+I47+I48+I49+I50+I51 -> 0 | J53: =J46+J47+J48+J49+J50+J51 -> 0 | K53: =K46+K47+K48+K49+K50+K51 -> 0 | ... Y53: =Y46+Y47+Y48+Y49+Y50+Y51 -> 0 | AA53: =AA46+AA47+AA48+AA49+AA50+AA51 -> 0 | AB53: =AB46+AB47+AB48+AB49+AB50+AB51 -> 0 | AC53: =AC46+AC47+AC48+AC49+AC50+AC51 -> 0 | AH53: =$AC$2-AD46 -> 0
A54: MYPKG | C54: LILIAN | AA54: =D54+F54+H54+J54+L54+N54+P54+R54+T54+V54+X54 -> 0 | AB54: =E54+G54+I54+K54+M54+O54+Q54+S54+U54+W54+Y54 -> 0 | AC54: =AA54+AB54*2 -> 0 | AD54: =AD46+AC54+AC55+AC56+AC57+AC58+AC59-(N102) -> 0 | AE54: =AE46+AC54+AC55+AC56+AC57+AC58-((N102)-(N99+O99*2)) -> 0 | AF54: =IF($AC$2>0,AD54/$AC$2,0) -> 0 | AG54: =IF($AC$2>0,AE54/$AC$2,0) -> 0
C55: SUL | AA55: =D55+F55+H55+J55+L55+N55+P55+R55+T55+V55+X55 -> 0 | AB55: =E55+G55+I55+K55+M55+O55+Q55+S55+U55+W55+Y55 -> 0 | AC55: =AA55+AB55*2 -> 0
C56: T/S | AA56: =D56+F56+H56+J56+L56+N56+P56+R56+T56+V56+X56 -> 0 | AB56: =E56+G56+I56+K56+M56+O56+Q56+S56+U56+W56+Y56 -> 0 | AC56: =AA56+AB56*2 -> 0
C57: SOC | AA57: =D57+F57+H57+J57+L57+N57+P57+R57+T57+V57+X57 -> 0 | AB57: =E57+G57+I57+K57+M57+O57+Q57+S57+U57+W57+Y57 -> 0 | AC57: =AA57+AB57*2 -> 0
C58: RF | AA58: =D58+F58+H58+J58+L58+N58+P58+R58+T58+V58+X58 -> 0 | AB58: =E58+G58+I58+K58+M58+O58+Q58+S58+U58+W58+Y58 -> 0 | AC58: =AA58+AB58*2 -> 0 | AJ58: =AJ50-(AA58+AB58)+(N98+O98) -> 0
A59: ETB | B59: 07/13 | C59: MT | AA59: =D59+F59+H59+J59+L59+N59+P59+R59+T59+V59+X59 -> 0 | AB59: =E59+G59+I59+K59+M59+O59+Q59+S59+U59+W59+Y59 -> 0 | AC59: =AA59+AB59*2 -> 0
A60: ETD | B60: 07/13 | C60: Weight | AA60: =D60+F60+H60+J60+L60+N60+P60+R60+T60+V60+X60 -> 0 | AD60: =AD52+AA60-(N103) -> 0 | AE60: =AD60-(AD54-AE54)*2 -> 0 | AF60: =IF($AF$2>0,AD60/$AF$2,0) -> 0 | AG60: =IF($AF$2>0,AE60/$AF$2,0) -> 0 | AI60: =$AF$2-AD60 -> 0
C61: TTL | D61: =D54+D55+D56+D57+D58+D59 -> 0 | E61: =E54+E55+E56+E57+E58+E59 -> 0 | F61: =F54+F55+F56+F57+F58+F59 -> 0 | G61: =G54+G55+G56+G57+G58+G59 -> 0 | H61: =H54+H55+H56+H57+H58+H59 -> 0 | I61: =I54+I55+I56+I57+I58+I59 -> 0 | J61: =J54+J55+J56+J57+J58+J59 -> 0 | K61: =K54+K55+K56+K57+K58+K59 -> 0 | ... Y61: =Y54+Y55+Y56+Y57+Y58+Y59 -> 0 | AA61: =AA54+AA55+AA56+AA57+AA58+AA59 -> 0 | AB61: =AB54+AB55+AB56+AB57+AB58+AB59 -> 0 | AC61: =AC54+AC55+AC56+AC57+AC58+AC59 -> 0 | AH61: =$AC$2-AD54 -> 0
A62: INMUN | C62: LILIAN | AA62: =D62+F62+H62+J62+L62+N62+P62+R62+T62+V62+X62 -> 0 | AB62: =E62+G62+I62+K62+M62+O62+Q62+S62+U62+W62+Y62 -> 0 | AC62: =AA62+AB62*2 -> 0 | AD62: =AD54+AC62+AC63+AC64+AC65+AC66+AC67-(P102) -> 0 | AE62: =AE54+AC62+AC63+AC64+AC65+AC66-((P102)-(P99+Q99*2)) -> 0 | AF62: =IF($AC$2>0,AD62/$AC$2,0) -> 0 | AG62: =IF($AC$2>0,AE62/$AC$2,0) -> 0
C63: SUL | AA63: =D63+F63+H63+J63+L63+N63+P63+R63+T63+V63+X63 -> 0 | AB63: =E63+G63+I63+K63+M63+O63+Q63+S63+U63+W63+Y63 -> 0 | AC63: =AA63+AB63*2 -> 0
C64: T/S | AA64: =D64+F64+H64+J64+L64+N64+P64+R64+T64+V64+X64 -> 0 | AB64: =E64+G64+I64+K64+M64+O64+Q64+S64+U64+W64+Y64 -> 0 | AC64: =AA64+AB64*2 -> 0
C65: SOC | AA65: =D65+F65+H65+J65+L65+N65+P65+R65+T65+V65+X65 -> 0 | AB65: =E65+G65+I65+K65+M65+O65+Q65+S65+U65+W65+Y65 -> 0 | AC65: =AA65+AB65*2 -> 0
C66: RF | AA66: =D66+F66+H66+J66+L66+N66+P66+R66+T66+V66+X66 -> 0 | AB66: =E66+G66+I66+K66+M66+O66+Q66+S66+U66+W66+Y66 -> 0 | AC66: =AA66+AB66*2 -> 0 | AJ66: =AJ58-(AA66+AB66)+(P98+Q98) -> 0
A67: ETB | B67: SKIP | C67: MT | AA67: =D67+F67+H67+J67+L67+N67+P67+R67+T67+V67+X67 -> 0 | AB67: =E67+G67+I67+K67+M67+O67+Q67+S67+U67+W67+Y67 -> 0 | AC67: =AA67+AB67*2 -> 0
A68: ETD | B68: SKIP | C68: Weight | AA68: =D68+F68+H68+J68+L68+N68+P68+R68+T68+V68+X68 -> 0 | AD68: =AD60+AA68-(P103) -> 0 | AE68: =AD68-(AD62-AE62)*2 -> 0 | AF68: =IF($AF$2>0,AD68/$AF$2,0) -> 0 | AG68: =IF($AF$2>0,AE68/$AF$2,0) -> 0 | AI68: =$AF$2-AD68 -> 0
C69: TTL | D69: =D62+D63+D64+D65+D66+D67 -> 0 | E69: =E62+E63+E64+E65+E66+E67 -> 0 | F69: =F62+F63+F64+F65+F66+F67 -> 0 | G69: =G62+G63+G64+G65+G66+G67 -> 0 | H69: =H62+H63+H64+H65+H66+H67 -> 0 | I69: =I62+I63+I64+I65+I66+I67 -> 0 | J69: =J62+J63+J64+J65+J66+J67 -> 0 | K69: =K62+K63+K64+K65+K66+K67 -> 0 | ... Y69: =Y62+Y63+Y64+Y65+Y66+Y67 -> 0 | AA69: =AA62+AA63+AA64+AA65+AA66+AA67 -> 0 | AB69: =AB62+AB63+AB64+AB65+AB66+AB67 -> 0 | AC69: =AC62+AC63+AC64+AC65+AC66+AC67 -> 0 | AH69: =$AC$2-AD62 -> 0
A70: AEKLF | C70: LILIAN | AA70: =D70+F70+H70+J70+L70+N70+P70+R70+T70+V70+X70 -> 0 | AB70: =E70+G70+I70+K70+M70+O70+Q70+S70+U70+W70+Y70 -> 0 | AC70: =AA70+AB70*2 -> 0 | AD70: =AD62+AC70+AC71+AC72+AC73+AC74+AC75-(R102) -> 0 | AE70: =AE62+AC70+AC71+AC72+AC73+AC74-((R102)-(R99+S99*2)) -> 0 | AF70: =IF($AC$2>0,AD70/$AC$2,0) -> 0 | AG70: =IF($AC$2>0,AE70/$AC$2,0) -> 0
C71: SUL | AA71: =D71+F71+H71+J71+L71+N71+P71+R71+T71+V71+X71 -> 0 | AB71: =E71+G71+I71+K71+M71+O71+Q71+S71+U71+W71+Y71 -> 0 | AC71: =AA71+AB71*2 -> 0
C72: T/S | AA72: =D72+F72+H72+J72+L72+N72+P72+R72+T72+V72+X72 -> 0 | AB72: =E72+G72+I72+K72+M72+O72+Q72+S72+U72+W72+Y72 -> 0 | AC72: =AA72+AB72*2 -> 0
C73: SOC | AA73: =D73+F73+H73+J73+L73+N73+P73+R73+T73+V73+X73 -> 0 | AB73: =E73+G73+I73+K73+M73+O73+Q73+S73+U73+W73+Y73 -> 0 | AC73: =AA73+AB73*2 -> 0
C74: RF | AA74: =D74+F74+H74+J74+L74+N74+P74+R74+T74+V74+X74 -> 0 | AB74: =E74+G74+I74+K74+M74+O74+Q74+S74+U74+W74+Y74 -> 0 | AC74: =AA74+AB74*2 -> 0 | AJ74: =AJ66-(AA74+AB74)+(R98+S98) -> 0
A75: ETB | B75: 07/22 | C75: MT | AA75: =D75+F75+H75+J75+L75+N75+P75+R75+T75+V75+X75 -> 0 | AB75: =E75+G75+I75+K75+M75+O75+Q75+S75+U75+W75+Y75 -> 0 | AC75: =AA75+AB75*2 -> 0
A76: ETD | B76: 07/24 | C76: Weight | AA76: =D76+F76+H76+J76+L76+N76+P76+R76+T76+V76+X76 -> 0 | AD76: =AD68+AA76-(R103) -> 0 | AE76: =AD76-(AD70-AE70)*2 -> 0 | AF76: =IF($AF$2>0,AD76/$AF$2,0) -> 0 | AG76: =IF($AF$2>0,AE76/$AF$2,0) -> 0 | AI76: =$AF$2-AD76 -> 0
C77: TTL | D77: =D70+D71+D72+D73+D74+D75 -> 0 | E77: =E70+E71+E72+E73+E74+E75 -> 0 | F77: =F70+F71+F72+F73+F74+F75 -> 0 | G77: =G70+G71+G72+G73+G74+G75 -> 0 | H77: =H70+H71+H72+H73+H74+H75 -> 0 | I77: =I70+I71+I72+I73+I74+I75 -> 0 | J77: =J70+J71+J72+J73+J74+J75 -> 0 | K77: =K70+K71+K72+K73+K74+K75 -> 0 | ... Y77: =Y70+Y71+Y72+Y73+Y74+Y75 -> 0 | AA77: =AA70+AA71+AA72+AA73+AA74+AA75 -> 0 | AB77: =AB70+AB71+AB72+AB73+AB74+AB75 -> 0 | AC77: =AC70+AC71+AC72+AC73+AC74+AC75 -> 0 | AH77: =$AC$2-AD70 -> 0
A78: OMSOH | C78: LILIAN | AA78: =D78+F78+H78+J78+L78+N78+P78+R78+T78+V78+X78 -> 0 | AB78: =E78+G78+I78+K78+M78+O78+Q78+S78+U78+W78+Y78 -> 0 | AC78: =AA78+AB78*2 -> 0 | AD78: =AD70+AC78+AC79+AC80+AC81+AC82+AC83-(T102) -> 0 | AE78: =AE70+AC78+AC79+AC80+AC81+AC82-((T102)-(T99+U99*2)) -> 0 | AF78: =IF($AC$2>0,AD78/$AC$2,0) -> 0 | AG78: =IF($AC$2>0,AE78/$AC$2,0) -> 0
C79: SUL | AA79: =D79+F79+H79+J79+L79+N79+P79+R79+T79+V79+X79 -> 0 | AB79: =E79+G79+I79+K79+M79+O79+Q79+S79+U79+W79+Y79 -> 0 | AC79: =AA79+AB79*2 -> 0
C80: T/S | AA80: =D80+F80+H80+J80+L80+N80+P80+R80+T80+V80+X80 -> 0 | AB80: =E80+G80+I80+K80+M80+O80+Q80+S80+U80+W80+Y80 -> 0 | AC80: =AA80+AB80*2 -> 0
C81: SOC | AA81: =D81+F81+H81+J81+L81+N81+P81+R81+T81+V81+X81 -> 0 | AB81: =E81+G81+I81+K81+M81+O81+Q81+S81+U81+W81+Y81 -> 0 | AC81: =AA81+AB81*2 -> 0
C82: RF | AA82: =D82+F82+H82+J82+L82+N82+P82+R82+T82+V82+X82 -> 0 | AB82: =E82+G82+I82+K82+M82+O82+Q82+S82+U82+W82+Y82 -> 0 | AC82: =AA82+AB82*2 -> 0 | AJ82: =AJ74-(AA82+AB82)+(T98+U98) -> 0
A83: ETB | B83: 07/26 | C83: MT | AA83: =D83+F83+H83+J83+L83+N83+P83+R83+T83+V83+X83 -> 0 | AB83: =E83+G83+I83+K83+M83+O83+Q83+S83+U83+W83+Y83 -> 0 | AC83: =AA83+AB83*2 -> 0
A84: ETD | B84: 07/27 | C84: Weight | AA84: =D84+F84+H84+J84+L84+N84+P84+R84+T84+V84+X84 -> 0 | AD84: =AD76+AA84-(T103) -> 0 | AE84: =AD84-(AD78-AE78)*2 -> 0 | AF84: =IF($AF$2>0,AD84/$AF$2,0) -> 0 | AG84: =IF($AF$2>0,AE84/$AF$2,0) -> 0 | AI84: =$AF$2-AD84 -> 0
C85: TTL | D85: =D78+D79+D80+D81+D82+D83 -> 0 | E85: =E78+E79+E80+E81+E82+E83 -> 0 | F85: =F78+F79+F80+F81+F82+F83 -> 0 | G85: =G78+G79+G80+G81+G82+G83 -> 0 | H85: =H78+H79+H80+H81+H82+H83 -> 0 | I85: =I78+I79+I80+I81+I82+I83 -> 0 | J85: =J78+J79+J80+J81+J82+J83 -> 0 | K85: =K78+K79+K80+K81+K82+K83 -> 0 | ... Y85: =Y78+Y79+Y80+Y81+Y82+Y83 -> 0 | AA85: =AA78+AA79+AA80+AA81+AA82+AA83 -> 0 | AB85: =AB78+AB79+AB80+AB81+AB82+AB83 -> 0 | AC85: =AC78+AC79+AC80+AC81+AC82+AC83 -> 0 | AH85: =$AC$2-AD78 -> 0
A86: PKKHI | C86: LILIAN | AA86: =D86+F86+H86+J86+L86+N86+P86+R86+T86+V86+X86 -> 0 | AB86: =E86+G86+I86+K86+M86+O86+Q86+S86+U86+W86+Y86 -> 0 | AC86: =AA86+AB86*2 -> 0 | AD86: =AD78+AC86+AC87+AC88+AC89+AC90+AC91-(V102) -> 0 | AE86: =AE78+AC86+AC87+AC88+AC89+AC90-((V102)-(V99+W99*2)) -> 0 | AF86: =IF($AC$2>0,AD86/$AC$2,0) -> 0 | AG86: =IF($AC$2>0,AE86/$AC$2,0) -> 0
C87: SUL | AA87: =D87+F87+H87+J87+L87+N87+P87+R87+T87+V87+X87 -> 0 | AB87: =E87+G87+I87+K87+M87+O87+Q87+S87+U87+W87+Y87 -> 0 | AC87: =AA87+AB87*2 -> 0
C88: T/S | AA88: =D88+F88+H88+J88+L88+N88+P88+R88+T88+V88+X88 -> 0 | AB88: =E88+G88+I88+K88+M88+O88+Q88+S88+U88+W88+Y88 -> 0 | AC88: =AA88+AB88*2 -> 0
C89: SOC | AA89: =D89+F89+H89+J89+L89+N89+P89+R89+T89+V89+X89 -> 0 | AB89: =E89+G89+I89+K89+M89+O89+Q89+S89+U89+W89+Y89 -> 0 | AC89: =AA89+AB89*2 -> 0
C90: RF | AA90: =D90+F90+H90+J90+L90+N90+P90+R90+T90+V90+X90 -> 0 | AB90: =E90+G90+I90+K90+M90+O90+Q90+S90+U90+W90+Y90 -> 0 | AC90: =AA90+AB90*2 -> 0 | AJ90: =AJ82-(AA90+AB90)+(V98+W98) -> 0
A91: ETB | B91: 07/30 | C91: MT | AA91: =D91+F91+H91+J91+L91+N91+P91+R91+T91+V91+X91 -> 0 | AB91: =E91+G91+I91+K91+M91+O91+Q91+S91+U91+W91+Y91 -> 0 | AC91: =AA91+AB91*2 -> 0
A92: ETD | B92: 08/01 | C92: Weight | AA92: =D92+F92+H92+J92+L92+N92+P92+R92+T92+V92+X92 -> 0 | AD92: =AD84+AA92-(V103) -> 0 | AE92: =AD92-(AD86-AE86)*2 -> 0 | AF92: =IF($AF$2>0,AD92/$AF$2,0) -> 0 | AG92: =IF($AF$2>0,AE92/$AF$2,0) -> 0 | AI92: =$AF$2-AD92 -> 0
C93: TTL | D93: =D86+D87+D88+D89+D90+D91 -> 0 | E93: =E86+E87+E88+E89+E90+E91 -> 0 | F93: =F86+F87+F88+F89+F90+F91 -> 0 | G93: =G86+G87+G88+G89+G90+G91 -> 0 | H93: =H86+H87+H88+H89+H90+H91 -> 0 | I93: =I86+I87+I88+I89+I90+I91 -> 0 | J93: =J86+J87+J88+J89+J90+J91 -> 0 | K93: =K86+K87+K88+K89+K90+K91 -> 0 | ... Y93: =Y86+Y87+Y88+Y89+Y90+Y91 -> 0 | AA93: =AA86+AA87+AA88+AA89+AA90+AA91 -> 0 | AB93: =AB86+AB87+AB88+AB89+AB90+AB91 -> 0 | AC93: =AC86+AC87+AC88+AC89+AC90+AC91 -> 0 | AH93: =$AC$2-AD86 -> 0
A94: TOTAL | C94: LILIAN | D94: =D6+D14+D22+D30+D38+D46+D54+D62+D70+D78+D86 -> 0 | E94: =E6+E14+E22+E30+E38+E46+E54+E62+E70+E78+E86 -> 0 | F94: =F6+F14+F22+F30+F38+F46+F54+F62+F70+F78+F86 -> 0 | G94: =G6+G14+G22+G30+G38+G46+G54+G62+G70+G78+G86 -> 0 | H94: =H6+H14+H22+H30+H38+H46+H54+H62+H70+H78+H86 -> 0 | I94: =I6+I14+I22+I30+I38+I46+I54+I62+I70+I78+I86 -> 0 | J94: =J6+J14+J22+J30+J38+J46+J54+J62+J70+J78+J86 -> 0 | K94: =K6+K14+K22+K30+K38+K46+K54+K62+K70+K78+K86 -> 0 | ... Y94: =Y6+Y14+Y22+Y30+Y38+Y46+Y54+Y62+Y70+Y78+Y86 -> 0 | AA94: =D94+F94+H94+J94+L94+N94+P94+R94+T94+V94+X94 -> 0 | AB94: =E94+G94+I94+K94+M94+O94+Q94+S94+U94+W94+Y94 -> 0 | AC94: =AA94+AB94*2 -> 0
C95: SUL | D95: =D7+D15+D23+D31+D39+D47+D55+D63+D71+D79+D87 -> 0 | E95: =E7+E15+E23+E31+E39+E47+E55+E63+E71+E79+E87 -> 0 | F95: =F7+F15+F23+F31+F39+F47+F55+F63+F71+F79+F87 -> 0 | G95: =G7+G15+G23+G31+G39+G47+G55+G63+G71+G79+G87 -> 0 | H95: =H7+H15+H23+H31+H39+H47+H55+H63+H71+H79+H87 -> 0 | I95: =I7+I15+I23+I31+I39+I47+I55+I63+I71+I79+I87 -> 0 | J95: =J7+J15+J23+J31+J39+J47+J55+J63+J71+J79+J87 -> 0 | K95: =K7+K15+K23+K31+K39+K47+K55+K63+K71+K79+K87 -> 0 | ... Y95: =Y7+Y15+Y23+Y31+Y39+Y47+Y55+Y63+Y71+Y79+Y87 -> 0 | AA95: =D95+F95+H95+J95+L95+N95+P95+R95+T95+V95+X95 -> 0 | AB95: =E95+G95+I95+K95+M95+O95+Q95+S95+U95+W95+Y95 -> 0 | AC95: =AA95+AB95*2 -> 0
C96: T/S | D96: =D8+D16+D24+D32+D40+D48+D56+D64+D72+D80+D88 -> 0 | E96: =E8+E16+E24+E32+E40+E48+E56+E64+E72+E80+E88 -> 0 | F96: =F8+F16+F24+F32+F40+F48+F56+F64+F72+F80+F88 -> 0 | G96: =G8+G16+G24+G32+G40+G48+G56+G64+G72+G80+G88 -> 0 | H96: =H8+H16+H24+H32+H40+H48+H56+H64+H72+H80+H88 -> 0 | I96: =I8+I16+I24+I32+I40+I48+I56+I64+I72+I80+I88 -> 0 | J96: =J8+J16+J24+J32+J40+J48+J56+J64+J72+J80+J88 -> 0 | K96: =K8+K16+K24+K32+K40+K48+K56+K64+K72+K80+K88 -> 0 | ... Y96: =Y8+Y16+Y24+Y32+Y40+Y48+Y56+Y64+Y72+Y80+Y88 -> 0 | AA96: =D96+F96+H96+J96+L96+N96+P96+R96+T96+V96+X96 -> 0 | AB96: =E96+G96+I96+K96+M96+O96+Q96+S96+U96+W96+Y96 -> 0 | AC96: =AA96+AB96*2 -> 0
C97: SOC | D97: =D9+D17+D25+D33+D41+D49+D57+D65+D73+D81+D89 -> 0 | E97: =E9+E17+E25+E33+E41+E49+E57+E65+E73+E81+E89 -> 0 | F97: =F9+F17+F25+F33+F41+F49+F57+F65+F73+F81+F89 -> 0 | G97: =G9+G17+G25+G33+G41+G49+G57+G65+G73+G81+G89 -> 0 | H97: =H9+H17+H25+H33+H41+H49+H57+H65+H73+H81+H89 -> 0 | I97: =I9+I17+I25+I33+I41+I49+I57+I65+I73+I81+I89 -> 0 | J97: =J9+J17+J25+J33+J41+J49+J57+J65+J73+J81+J89 -> 0 | K97: =K9+K17+K25+K33+K41+K49+K57+K65+K73+K81+K89 -> 0 | ... Y97: =Y9+Y17+Y25+Y33+Y41+Y49+Y57+Y65+Y73+Y81+Y89 -> 0 | AA97: =D97+F97+H97+J97+L97+N97+P97+R97+T97+V97+X97 -> 0 | AB97: =E97+G97+I97+K97+M97+O97+Q97+S97+U97+W97+Y97 -> 0 | AC97: =AA97+AB97*2 -> 0
C98: RF | D98: =D10+D18+D26+D34+D42+D50+D58+D66+D74+D82+D90 -> 0 | E98: =E10+E18+E26+E34+E42+E50+E58+E66+E74+E82+E90 -> 0 | F98: =F10+F18+F26+F34+F42+F50+F58+F66+F74+F82+F90 -> 0 | G98: =G10+G18+G26+G34+G42+G50+G58+G66+G74+G82+G90 -> 0 | H98: =H10+H18+H26+H34+H42+H50+H58+H66+H74+H82+H90 -> 0 | I98: =I10+I18+I26+I34+I42+I50+I58+I66+I74+I82+I90 -> 0 | J98: =J10+J18+J26+J34+J42+J50+J58+J66+J74+J82+J90 -> 0 | K98: =K10+K18+K26+K34+K42+K50+K58+K66+K74+K82+K90 -> 0 | ... Y98: =Y10+Y18+Y26+Y34+Y42+Y50+Y58+Y66+Y74+Y82+Y90 -> 0 | AA98: =D98+F98+H98+J98+L98+N98+P98+R98+T98+V98+X98 -> 0 | AB98: =E98+G98+I98+K98+M98+O98+Q98+S98+U98+W98+Y98 -> 0 | AC98: =AA98+AB98*2 -> 0
C99: MT | D99: =D11+D19+D27+D35+D43+D51+D59+D67+D75+D83+D91 -> 0 | E99: =E11+E19+E27+E35+E43+E51+E59+E67+E75+E83+E91 -> 0 | F99: =F11+F19+F27+F35+F43+F51+F59+F67+F75+F83+F91 -> 0 | G99: =G11+G19+G27+G35+G43+G51+G59+G67+G75+G83+G91 -> 0 | H99: =H11+H19+H27+H35+H43+H51+H59+H67+H75+H83+H91 -> 0 | I99: =I11+I19+I27+I35+I43+I51+I59+I67+I75+I83+I91 -> 0 | J99: =J11+J19+J27+J35+J43+J51+J59+J67+J75+J83+J91 -> 0 | K99: =K11+K19+K27+K35+K43+K51+K59+K67+K75+K83+K91 -> 0 | ... Y99: =Y11+Y19+Y27+Y35+Y43+Y51+Y59+Y67+Y75+Y83+Y91 -> 0 | AA99: =D99+F99+H99+J99+L99+N99+P99+R99+T99+V99+X99 -> 0 | AB99: =E99+G99+I99+K99+M99+O99+Q99+S99+U99+W99+Y99 -> 0 | AC99: =AA99+AB99*2 -> 0
C100: Weight | D100: =D12+D20+D28+D36+D44+D52+D60+D68+D76+D84+D92 -> 0 | F100: =F12+F20+F28+F36+F44+F52+F60+F68+F76+F84+F92 -> 0 | H100: =H12+H20+H28+H36+H44+H52+H60+H68+H76+H84+H92 -> 0 | J100: =J12+J20+J28+J36+J44+J52+J60+J68+J76+J84+J92 -> 0 | L100: =L12+L20+L28+L36+L44+L52+L60+L68+L76+L84+L92 -> 0 | N100: =N12+N20+N28+N36+N44+N52+N60+N68+N76+N84+N92 -> 0 | P100: =P12+P20+P28+P36+P44+P52+P60+P68+P76+P84+P92 -> 0 | R100: =R12+R20+R28+R36+R44+R52+R60+R68+R76+R84+R92 -> 0 | T100: =T12+T20+T28+T36+T44+T52+T60+T68+T76+T84+T92 -> 0 | V100: =V12+V20+V28+V36+V44+V52+V60+V68+V76+V84+V92 -> 0 | X100: =X12+X20+X28+X36+X44+X52+X60+X68+X76+X84+X92 -> 0 | AA100: =D100+F100+H100+J100+L100+N100+P100+R100+T100+V100+X100 -> 0
...

Sheet EB
A1: Vessel Space Utilization Report - | H1: Selection: Source Bayplan, Actual Booking & CBF
A2: =WB!A2 -> Service Lane : CGX/0005 | D2: =WB!D2 -> EXPRESS BERLIN / XPBL2625WE | AE2: EB ALLOCATION : | AG2: =WB!AC2 -> 0 | AH2: TEUS, | AJ2: =WB!AF2 -> 0 | AK2: MT, | AL2: =WB!AH2 -> 0 | AM2: RF PLUGS
A3: POD | D3: AEKLF | F3: OMSOH | H3: PKKHI | J3: CNTAO | L3: CNSHA | N3: CNNGB | P3: CNSHK | R3: CNNSA | T3: MYPKG | V3: INMUN | X3: AEKLF | Z3: OMSOH | AB3: PKKHI | AE3: TOTAL | AG3: TTL | AH3: ROB (TEUS) | AJ3: UTILISATION | AL3: AVL | AN3: RF Plug
A4: ETA | D4: 07/24 | F4: 07/27 | H4: 08/01 | J4: 08/16 | L4: 08/20 | N4: 08/21 | P4: 08/24 | R4: 08/25 | T4: 08/30 | V4: SKIP | X4: 09/10 | Z4: 09/13 | AB4: 09/18
A5: POL | D5: 20' | E5: 40' | F5: 20' | G5: 40' | H5: 20' | I5: 40' | J5: 20' | K5: 40' | L5: 20' | M5: 40' | N5: 20' | O5: 40' | P5: 20' | Q5: 40' | R5: 20' | S5: 40' | T5: 20' | U5: 40' | V5: 20' | W5: 40' | X5: 20' | Y5: 40' | Z5: 20' | AA5: 40' | AB5: 20' | AC5: 40' | AE5: 20' | AF5: 40' | AG5: TEUS | AH5: (All) | AI5: (LD) | AJ5: (All) | AK5: (LD) | AL5: TEUs | AM5: Weight
A6: ROB | C6: LILIAN | AE6: =D6+F6+H6+J6+L6+N6+P6+R6+T6+V6+X6+Z6+AB6 -> 0 | AF6: =E6+G6+I6+K6+M6+O6+Q6+S6+U6+W6+Y6+AA6+AC6 -> 0 | AG6: =AE6+AF6*2 -> 0 | AH6: =0+AG6+AG7+AG8+AG9+AG10+AG11-(0) -> 0 | AI6: =0+AG6+AG7+AG8+AG9+AG10-((0)-(0)) -> 0 | AJ6: =IF($AG$2>0,AH6/$AG$2,0) -> 0 | AK6: =IF($AG$2>0,AI6/$AG$2,0) -> 0
C7: SUL | AE7: =D7+F7+H7+J7+L7+N7+P7+R7+T7+V7+X7+Z7+AB7 -> 0 | AF7: =E7+G7+I7+K7+M7+O7+Q7+S7+U7+W7+Y7+AA7+AC7 -> 0 | AG7: =AE7+AF7*2 -> 0
C8: T/S | AE8: =D8+F8+H8+J8+L8+N8+P8+R8+T8+V8+X8+Z8+AB8 -> 0 | AF8: =E8+G8+I8+K8+M8+O8+Q8+S8+U8+W8+Y8+AA8+AC8 -> 0 | AG8: =AE8+AF8*2 -> 0
C9: SOC | AE9: =D9+F9+H9+J9+L9+N9+P9+R9+T9+V9+X9+Z9+AB9 -> 0 | AF9: =E9+G9+I9+K9+M9+O9+Q9+S9+U9+W9+Y9+AA9+AC9 -> 0 | AG9: =AE9+AF9*2 -> 0
C10: RF | AE10: =D10+F10+H10+J10+L10+N10+P10+R10+T10+V10+X10+Z10+AB10 -> 0 | AF10: =E10+G10+I10+K10+M10+O10+Q10+S10+U10+W10+Y10+AA10+AC10 -> 0 | AG10: =AE10+AF10*2 -> 0 | AN10: =$AL$2-(AE10+AF10) -> 0
C11: MT | AE11: =D11+F11+H11+J11+L11+N11+P11+R11+T11+V11+X11+Z11+AB11 -> 0 | AF11: =E11+G11+I11+K11+M11+O11+Q11+S11+U11+W11+Y11+AA11+AC11 -> 0 | AG11: =AE11+AF11*2 -> 0
C12: Weight | AE12: =D12+F12+H12+J12+L12+N12+P12+R12+T12+V12+X12+Z12+AB12 -> 0 | AH12: =0+AE12-(0) -> 0 | AI12: =AH12-(AH6-AI6)*2 -> 0 | AJ12: =IF($AJ$2>0,AH12/$AJ$2,0) -> 0 | AK12: =IF($AJ$2>0,AI12/$AJ$2,0) -> 0 | AM12: =$AJ$2-AH12 -> 0
C13: TTL | D13: =D6+D7+D8+D9+D10+D11 -> 0 | E13: =E6+E7+E8+E9+E10+E11 -> 0 | F13: =F6+F7+F8+F9+F10+F11 -> 0 | G13: =G6+G7+G8+G9+G10+G11 -> 0 | H13: =H6+H7+H8+H9+H10+H11 -> 0 | I13: =I6+I7+I8+I9+I10+I11 -> 0 | J13: =J6+J7+J8+J9+J10+J11 -> 0 | K13: =K6+K7+K8+K9+K10+K11 -> 0 | ... AC13: =AC6+AC7+AC8+AC9+AC10+AC11 -> 0 | AE13: =AE6+AE7+AE8+AE9+AE10+AE11 -> 0 | AF13: =AF6+AF7+AF8+AF9+AF10+AF11 -> 0 | AG13: =AG6+AG7+AG8+AG9+AG10+AG11 -> 0 | AL13: =$AG$2-AH6 -> 0
A14: AEKLF | C14: LILIAN | AE14: =D14+F14+H14+J14+L14+N14+P14+R14+T14+V14+X14+Z14+AB14 -> 0 | AF14: =E14+G14+I14+K14+M14+O14+Q14+S14+U14+W14+Y14+AA14+AC14 -> 0 | AG14: =AE14+AF14*2 -> 0 | AH14: =AH6+AG14+AG15+AG16+AG17+AG18+AG19-(D54) -> 0 | AI14: =AI6+AG14+AG15+AG16+AG17+AG18-((D54)-(D51+E51*2)) -> 0 | AJ14: =IF($AG$2>0,AH14/$AG$2,0) -> 0 | AK14: =IF($AG$2>0,AI14/$AG$2,0) -> 0
C15: SUL | AE15: =D15+F15+H15+J15+L15+N15+P15+R15+T15+V15+X15+Z15+AB15 -> 0 | AF15: =E15+G15+I15+K15+M15+O15+Q15+S15+U15+W15+Y15+AA15+AC15 -> 0 | AG15: =AE15+AF15*2 -> 0
C16: T/S | AE16: =D16+F16+H16+J16+L16+N16+P16+R16+T16+V16+X16+Z16+AB16 -> 0 | AF16: =E16+G16+I16+K16+M16+O16+Q16+S16+U16+W16+Y16+AA16+AC16 -> 0 | AG16: =AE16+AF16*2 -> 0
C17: SOC | AE17: =D17+F17+H17+J17+L17+N17+P17+R17+T17+V17+X17+Z17+AB17 -> 0 | AF17: =E17+G17+I17+K17+M17+O17+Q17+S17+U17+W17+Y17+AA17+AC17 -> 0 | AG17: =AE17+AF17*2 -> 0
C18: RF | AE18: =D18+F18+H18+J18+L18+N18+P18+R18+T18+V18+X18+Z18+AB18 -> 0 | AF18: =E18+G18+I18+K18+M18+O18+Q18+S18+U18+W18+Y18+AA18+AC18 -> 0 | AG18: =AE18+AF18*2 -> 0 | AN18: =AN10-(AE18+AF18)+(D50+E50) -> 0
A19: ETB | B19: 07/22 | C19: MT | AE19: =D19+F19+H19+J19+L19+N19+P19+R19+T19+V19+X19+Z19+AB19 -> 0 | AF19: =E19+G19+I19+K19+M19+O19+Q19+S19+U19+W19+Y19+AA19+AC19 -> 0 | AG19: =AE19+AF19*2 -> 0
A20: ETD | B20: 07/24 | C20: Weight | AE20: =D20+F20+H20+J20+L20+N20+P20+R20+T20+V20+X20+Z20+AB20 -> 0 | AH20: =AH12+AE20-(D55) -> 0 | AI20: =AH20-(AH14-AI14)*2 -> 0 | AJ20: =IF($AJ$2>0,AH20/$AJ$2,0) -> 0 | AK20: =IF($AJ$2>0,AI20/$AJ$2,0) -> 0 | AM20: =$AJ$2-AH20 -> 0
C21: TTL | D21: =D14+D15+D16+D17+D18+D19 -> 0 | E21: =E14+E15+E16+E17+E18+E19 -> 0 | F21: =F14+F15+F16+F17+F18+F19 -> 0 | G21: =G14+G15+G16+G17+G18+G19 -> 0 | H21: =H14+H15+H16+H17+H18+H19 -> 0 | I21: =I14+I15+I16+I17+I18+I19 -> 0 | J21: =J14+J15+J16+J17+J18+J19 -> 0 | K21: =K14+K15+K16+K17+K18+K19 -> 0 | ... AC21: =AC14+AC15+AC16+AC17+AC18+AC19 -> 0 | AE21: =AE14+AE15+AE16+AE17+AE18+AE19 -> 0 | AF21: =AF14+AF15+AF16+AF17+AF18+AF19 -> 0 | AG21: =AG14+AG15+AG16+AG17+AG18+AG19 -> 0 | AL21: =$AG$2-AH14 -> 0
A22: OMSOH | C22: LILIAN | AE22: =D22+F22+H22+J22+L22+N22+P22+R22+T22+V22+X22+Z22+AB22 -> 0 | AF22: =E22+G22+I22+K22+M22+O22+Q22+S22+U22+W22+Y22+AA22+AC22 -> 0 | AG22: =AE22+AF22*2 -> 0 | AH22: =AH14+AG22+AG23+AG24+AG25+AG26+AG27-(F54) -> 0 | AI22: =AI14+AG22+AG23+AG24+AG25+AG26-((F54)-(F51+G51*2)) -> 0 | AJ22: =IF($AG$2>0,AH22/$AG$2,0) -> 0 | AK22: =IF($AG$2>0,AI22/$AG$2,0) -> 0
C23: SUL | AE23: =D23+F23+H23+J23+L23+N23+P23+R23+T23+V23+X23+Z23+AB23 -> 0 | AF23: =E23+G23+I23+K23+M23+O23+Q23+S23+U23+W23+Y23+AA23+AC23 -> 0 | AG23: =AE23+AF23*2 -> 0
C24: T/S | AE24: =D24+F24+H24+J24+L24+N24+P24+R24+T24+V24+X24+Z24+AB24 -> 0 | AF24: =E24+G24+I24+K24+M24+O24+Q24+S24+U24+W24+Y24+AA24+AC24 -> 0 | AG24: =AE24+AF24*2 -> 0
C25: SOC | AE25: =D25+F25+H25+J25+L25+N25+P25+R25+T25+V25+X25+Z25+AB25 -> 0 | AF25: =E25+G25+I25+K25+M25+O25+Q25+S25+U25+W25+Y25+AA25+AC25 -> 0 | AG25: =AE25+AF25*2 -> 0
C26: RF | AE26: =D26+F26+H26+J26+L26+N26+P26+R26+T26+V26+X26+Z26+AB26 -> 0 | AF26: =E26+G26+I26+K26+M26+O26+Q26+S26+U26+W26+Y26+AA26+AC26 -> 0 | AG26: =AE26+AF26*2 -> 0 | AN26: =AN18-(AE26+AF26)+(F50+G50) -> 0
A27: ETB | B27: 07/26 | C27: MT | AE27: =D27+F27+H27+J27+L27+N27+P27+R27+T27+V27+X27+Z27+AB27 -> 0 | AF27: =E27+G27+I27+K27+M27+O27+Q27+S27+U27+W27+Y27+AA27+AC27 -> 0 | AG27: =AE27+AF27*2 -> 0
A28: ETD | B28: 07/27 | C28: Weight | AE28: =D28+F28+H28+J28+L28+N28+P28+R28+T28+V28+X28+Z28+AB28 -> 0 | AH28: =AH20+AE28-(F55) -> 0 | AI28: =AH28-(AH22-AI22)*2 -> 0 | AJ28: =IF($AJ$2>0,AH28/$AJ$2,0) -> 0 | AK28: =IF($AJ$2>0,AI28/$AJ$2,0) -> 0 | AM28: =$AJ$2-AH28 -> 0
C29: TTL | D29: =D22+D23+D24+D25+D26+D27 -> 0 | E29: =E22+E23+E24+E25+E26+E27 -> 0 | F29: =F22+F23+F24+F25+F26+F27 -> 0 | G29: =G22+G23+G24+G25+G26+G27 -> 0 | H29: =H22+H23+H24+H25+H26+H27 -> 0 | I29: =I22+I23+I24+I25+I26+I27 -> 0 | J29: =J22+J23+J24+J25+J26+J27 -> 0 | K29: =K22+K23+K24+K25+K26+K27 -> 0 | ... AC29: =AC22+AC23+AC24+AC25+AC26+AC27 -> 0 | AE29: =AE22+AE23+AE24+AE25+AE26+AE27 -> 0 | AF29: =AF22+AF23+AF24+AF25+AF26+AF27 -> 0 | AG29: =AG22+AG23+AG24+AG25+AG26+AG27 -> 0 | AL29: =$AG$2-AH22 -> 0
A30: PKKHI | C30: LILIAN | AE30: =D30+F30+H30+J30+L30+N30+P30+R30+T30+V30+X30+Z30+AB30 -> 0 | AF30: =E30+G30+I30+K30+M30+O30+Q30+S30+U30+W30+Y30+AA30+AC30 -> 0 | AG30: =AE30+AF30*2 -> 0 | AH30: =AH22+AG30+AG31+AG32+AG33+AG34+AG35-(H54) -> 0 | AI30: =AI22+AG30+AG31+AG32+AG33+AG34-((H54)-(H51+I51*2)) -> 0 | AJ30: =IF($AG$2>0,AH30/$AG$2,0) -> 0 | AK30: =IF($AG$2>0,AI30/$AG$2,0) -> 0
C31: SUL | AE31: =D31+F31+H31+J31+L31+N31+P31+R31+T31+V31+X31+Z31+AB31 -> 0 | AF31: =E31+G31+I31+K31+M31+O31+Q31+S31+U31+W31+Y31+AA31+AC31 -> 0 | AG31: =AE31+AF31*2 -> 0
C32: T/S | AE32: =D32+F32+H32+J32+L32+N32+P32+R32+T32+V32+X32+Z32+AB32 -> 0 | AF32: =E32+G32+I32+K32+M32+O32+Q32+S32+U32+W32+Y32+AA32+AC32 -> 0 | AG32: =AE32+AF32*2 -> 0
C33: SOC | AE33: =D33+F33+H33+J33+L33+N33+P33+R33+T33+V33+X33+Z33+AB33 -> 0 | AF33: =E33+G33+I33+K33+M33+O33+Q33+S33+U33+W33+Y33+AA33+AC33 -> 0 | AG33: =AE33+AF33*2 -> 0
C34: RF | AE34: =D34+F34+H34+J34+L34+N34+P34+R34+T34+V34+X34+Z34+AB34 -> 0 | AF34: =E34+G34+I34+K34+M34+O34+Q34+S34+U34+W34+Y34+AA34+AC34 -> 0 | AG34: =AE34+AF34*2 -> 0 | AN34: =AN26-(AE34+AF34)+(H50+I50) -> 0
A35: ETB | B35: 07/30 | C35: MT | AE35: =D35+F35+H35+J35+L35+N35+P35+R35+T35+V35+X35+Z35+AB35 -> 0 | AF35: =E35+G35+I35+K35+M35+O35+Q35+S35+U35+W35+Y35+AA35+AC35 -> 0 | AG35: =AE35+AF35*2 -> 0
A36: ETD | B36: 08/01 | C36: Weight | AE36: =D36+F36+H36+J36+L36+N36+P36+R36+T36+V36+X36+Z36+AB36 -> 0 | AH36: =AH28+AE36-(H55) -> 0 | AI36: =AH36-(AH30-AI30)*2 -> 0 | AJ36: =IF($AJ$2>0,AH36/$AJ$2,0) -> 0 | AK36: =IF($AJ$2>0,AI36/$AJ$2,0) -> 0 | AM36: =$AJ$2-AH36 -> 0
C37: TTL | D37: =D30+D31+D32+D33+D34+D35 -> 0 | E37: =E30+E31+E32+E33+E34+E35 -> 0 | F37: =F30+F31+F32+F33+F34+F35 -> 0 | G37: =G30+G31+G32+G33+G34+G35 -> 0 | H37: =H30+H31+H32+H33+H34+H35 -> 0 | I37: =I30+I31+I32+I33+I34+I35 -> 0 | J37: =J30+J31+J32+J33+J34+J35 -> 0 | K37: =K30+K31+K32+K33+K34+K35 -> 0 | ... AC37: =AC30+AC31+AC32+AC33+AC34+AC35 -> 0 | AE37: =AE30+AE31+AE32+AE33+AE34+AE35 -> 0 | AF37: =AF30+AF31+AF32+AF33+AF34+AF35 -> 0 | AG37: =AG30+AG31+AG32+AG33+AG34+AG35 -> 0 | AL37: =$AG$2-AH30 -> 0
A38: CNTAO | C38: LILIAN | AE38: =D38+F38+H38+J38+L38+N38+P38+R38+T38+V38+X38+Z38+AB38 -> 0 | AF38: =E38+G38+I38+K38+M38+O38+Q38+S38+U38+W38+Y38+AA38+AC38 -> 0 | AG38: =AE38+AF38*2 -> 0 | AH38: =AH30+AG38+AG39+AG40+AG41+AG42+AG43-(J54) -> 0 | AI38: =AI30+AG38+AG39+AG40+AG41+AG42-((J54)-(J51+K51*2)) -> 0 | AJ38: =IF($AG$2>0,AH38/$AG$2,0) -> 0 | AK38: =IF($AG$2>0,AI38/$AG$2,0) -> 0
C39: SUL | AE39: =D39+F39+H39+J39+L39+N39+P39+R39+T39+V39+X39+Z39+AB39 -> 0 | AF39: =E39+G39+I39+K39+M39+O39+Q39+S39+U39+W39+Y39+AA39+AC39 -> 0 | AG39: =AE39+AF39*2 -> 0
C40: T/S | AE40: =D40+F40+H40+J40+L40+N40+P40+R40+T40+V40+X40+Z40+AB40 -> 0 | AF40: =E40+G40+I40+K40+M40+O40+Q40+S40+U40+W40+Y40+AA40+AC40 -> 0 | AG40: =AE40+AF40*2 -> 0
C41: SOC | AE41: =D41+F41+H41+J41+L41+N41+P41+R41+T41+V41+X41+Z41+AB41 -> 0 | AF41: =E41+G41+I41+K41+M41+O41+Q41+S41+U41+W41+Y41+AA41+AC41 -> 0 | AG41: =AE41+AF41*2 -> 0
C42: RF | AE42: =D42+F42+H42+J42+L42+N42+P42+R42+T42+V42+X42+Z42+AB42 -> 0 | AF42: =E42+G42+I42+K42+M42+O42+Q42+S42+U42+W42+Y42+AA42+AC42 -> 0 | AG42: =AE42+AF42*2 -> 0 | AN42: =AN34-(AE42+AF42)+(J50+K50) -> 0
A43: ETB | B43: 08/15 | C43: MT | AE43: =D43+F43+H43+J43+L43+N43+P43+R43+T43+V43+X43+Z43+AB43 -> 0 | AF43: =E43+G43+I43+K43+M43+O43+Q43+S43+U43+W43+Y43+AA43+AC43 -> 0 | AG43: =AE43+AF43*2 -> 0
A44: ETD | B44: 08/16 | C44: Weight | AE44: =D44+F44+H44+J44+L44+N44+P44+R44+T44+V44+X44+Z44+AB44 -> 0 | AH44: =AH36+AE44-(J55) -> 0 | AI44: =AH44-(AH38-AI38)*2 -> 0 | AJ44: =IF($AJ$2>0,AH44/$AJ$2,0) -> 0 | AK44: =IF($AJ$2>0,AI44/$AJ$2,0) -> 0 | AM44: =$AJ$2-AH44 -> 0
C45: TTL | D45: =D38+D39+D40+D41+D42+D43 -> 0 | E45: =E38+E39+E40+E41+E42+E43 -> 0 | F45: =F38+F39+F40+F41+F42+F43 -> 0 | G45: =G38+G39+G40+G41+G42+G43 -> 0 | H45: =H38+H39+H40+H41+H42+H43 -> 0 | I45: =I38+I39+I40+I41+I42+I43 -> 0 | J45: =J38+J39+J40+J41+J42+J43 -> 0 | K45: =K38+K39+K40+K41+K42+K43 -> 0 | ... AC45: =AC38+AC39+AC40+AC41+AC42+AC43 -> 0 | AE45: =AE38+AE39+AE40+AE41+AE42+AE43 -> 0 | AF45: =AF38+AF39+AF40+AF41+AF42+AF43 -> 0 | AG45: =AG38+AG39+AG40+AG41+AG42+AG43 -> 0 | AL45: =$AG$2-AH38 -> 0
A46: TOTAL | C46: LILIAN | D46: =D6+D14+D22+D30+D38 -> 0 | E46: =E6+E14+E22+E30+E38 -> 0 | F46: =F6+F14+F22+F30+F38 -> 0 | G46: =G6+G14+G22+G30+G38 -> 0 | H46: =H6+H14+H22+H30+H38 -> 0 | I46: =I6+I14+I22+I30+I38 -> 0 | J46: =J6+J14+J22+J30+J38 -> 0 | K46: =K6+K14+K22+K30+K38 -> 0 | ... AC46: =AC6+AC14+AC22+AC30+AC38 -> 0 | AE46: =D46+F46+H46+J46+L46+N46+P46+R46+T46+V46+X46+Z46+AB46 -> 0 | AF46: =E46+G46+I46+K46+M46+O46+Q46+S46+U46+W46+Y46+AA46+AC46 -> 0 | AG46: =AE46+AF46*2 -> 0
C47: SUL | D47: =D7+D15+D23+D31+D39 -> 0 | E47: =E7+E15+E23+E31+E39 -> 0 | F47: =F7+F15+F23+F31+F39 -> 0 | G47: =G7+G15+G23+G31+G39 -> 0 | H47: =H7+H15+H23+H31+H39 -> 0 | I47: =I7+I15+I23+I31+I39 -> 0 | J47: =J7+J15+J23+J31+J39 -> 0 | K47: =K7+K15+K23+K31+K39 -> 0 | ... AC47: =AC7+AC15+AC23+AC31+AC39 -> 0 | AE47: =D47+F47+H47+J47+L47+N47+P47+R47+T47+V47+X47+Z47+AB47 -> 0 | AF47: =E47+G47+I47+K47+M47+O47+Q47+S47+U47+W47+Y47+AA47+AC47 -> 0 | AG47: =AE47+AF47*2 -> 0
C48: T/S | D48: =D8+D16+D24+D32+D40 -> 0 | E48: =E8+E16+E24+E32+E40 -> 0 | F48: =F8+F16+F24+F32+F40 -> 0 | G48: =G8+G16+G24+G32+G40 -> 0 | H48: =H8+H16+H24+H32+H40 -> 0 | I48: =I8+I16+I24+I32+I40 -> 0 | J48: =J8+J16+J24+J32+J40 -> 0 | K48: =K8+K16+K24+K32+K40 -> 0 | ... AC48: =AC8+AC16+AC24+AC32+AC40 -> 0 | AE48: =D48+F48+H48+J48+L48+N48+P48+R48+T48+V48+X48+Z48+AB48 -> 0 | AF48: =E48+G48+I48+K48+M48+O48+Q48+S48+U48+W48+Y48+AA48+AC48 -> 0 | AG48: =AE48+AF48*2 -> 0
C49: SOC | D49: =D9+D17+D25+D33+D41 -> 0 | E49: =E9+E17+E25+E33+E41 -> 0 | F49: =F9+F17+F25+F33+F41 -> 0 | G49: =G9+G17+G25+G33+G41 -> 0 | H49: =H9+H17+H25+H33+H41 -> 0 | I49: =I9+I17+I25+I33+I41 -> 0 | J49: =J9+J17+J25+J33+J41 -> 0 | K49: =K9+K17+K25+K33+K41 -> 0 | ... AC49: =AC9+AC17+AC25+AC33+AC41 -> 0 | AE49: =D49+F49+H49+J49+L49+N49+P49+R49+T49+V49+X49+Z49+AB49 -> 0 | AF49: =E49+G49+I49+K49+M49+O49+Q49+S49+U49+W49+Y49+AA49+AC49 -> 0 | AG49: =AE49+AF49*2 -> 0
C50: RF | D50: =D10+D18+D26+D34+D42 -> 0 | E50: =E10+E18+E26+E34+E42 -> 0 | F50: =F10+F18+F26+F34+F42 -> 0 | G50: =G10+G18+G26+G34+G42 -> 0 | H50: =H10+H18+H26+H34+H42 -> 0 | I50: =I10+I18+I26+I34+I42 -> 0 | J50: =J10+J18+J26+J34+J42 -> 0 | K50: =K10+K18+K26+K34+K42 -> 0 | ... AC50: =AC10+AC18+AC26+AC34+AC42 -> 0 | AE50: =D50+F50+H50+J50+L50+N50+P50+R50+T50+V50+X50+Z50+AB50 -> 0 | AF50: =E50+G50+I50+K50+M50+O50+Q50+S50+U50+W50+Y50+AA50+AC50 -> 0 | AG50: =AE50+AF50*2 -> 0
C51: MT | D51: =D11+D19+D27+D35+D43 -> 0 | E51: =E11+E19+E27+E35+E43 -> 0 | F51: =F11+F19+F27+F35+F43 -> 0 | G51: =G11+G19+G27+G35+G43 -> 0 | H51: =H11+H19+H27+H35+H43 -> 0 | I51: =I11+I19+I27+I35+I43 -> 0 | J51: =J11+J19+J27+J35+J43 -> 0 | K51: =K11+K19+K27+K35+K43 -> 0 | ... AC51: =AC11+AC19+AC27+AC35+AC43 -> 0 | AE51: =D51+F51+H51+J51+L51+N51+P51+R51+T51+V51+X51+Z51+AB51 -> 0 | AF51: =E51+G51+I51+K51+M51+O51+Q51+S51+U51+W51+Y51+AA51+AC51 -> 0 | AG51: =AE51+AF51*2 -> 0
C52: Weight | D52: =D12+D20+D28+D36+D44 -> 0 | F52: =F12+F20+F28+F36+F44 -> 0 | H52: =H12+H20+H28+H36+H44 -> 0 | J52: =J12+J20+J28+J36+J44 -> 0 | L52: =L12+L20+L28+L36+L44 -> 0 | N52: =N12+N20+N28+N36+N44 -> 0 | P52: =P12+P20+P28+P36+P44 -> 0 | R52: =R12+R20+R28+R36+R44 -> 0 | T52: =T12+T20+T28+T36+T44 -> 0 | V52: =V12+V20+V28+V36+V44 -> 0 | X52: =X12+X20+X28+X36+X44 -> 0 | Z52: =Z12+Z20+Z28+Z36+Z44 -> 0 | AB52: =AB12+AB20+AB28+AB36+AB44 -> 0 | AE52: =D52+F52+H52+J52+L52+N52+P52+R52+T52+V52+X52+Z52+AB52 -> 0
C53: TTL | D53: =D46+D47+D48+D49+D50+D51 -> 0 | E53: =E46+E47+E48+E49+E50+E51 -> 0 | F53: =F46+F47+F48+F49+F50+F51 -> 0 | G53: =G46+G47+G48+G49+G50+G51 -> 0 | H53: =H46+H47+H48+H49+H50+H51 -> 0 | I53: =I46+I47+I48+I49+I50+I51 -> 0 | J53: =J46+J47+J48+J49+J50+J51 -> 0 | K53: =K46+K47+K48+K49+K50+K51 -> 0 | ... AC53: =AC46+AC47+AC48+AC49+AC50+AC51 -> 0 | AE53: =D53+F53+H53+J53+L53+N53+P53+R53+T53+V53+X53+Z53+AB53 -> 0 | AF53: =E53+G53+I53+K53+M53+O53+Q53+S53+U53+W53+Y53+AA53+AC53 -> 0 | AG53: =AE53+AF53*2 -> 0
A54: TEUS | D54: =D46+E46*2+D47+E47*2+D48+E48*2+D49+E49*2+D50+E50*2+D51+E51*2 -> 0 | F54: =F46+G46*2+F47+G47*2+F48+G48*2+F49+G49*2+F50+G50*2+F51+G51*2 -> 0 | H54: =H46+I46*2+H47+I47*2+H48+I48*2+H49+I49*2+H50+I50*2+H51+I51*2 -> 0 | J54: =J46+K46*2+J47+K47*2+J48+K48*2+J49+K49*2+J50+K50*2+J51+K51*2 -> 0 | L54: =L46+M46*2+L47+M47*2+L48+M48*2+L49+M49*2+L50+M50*2+L51+M51*2 -> 0 | N54: =N46+O46*2+N47+O47*2+N48+O48*2+N49+O49*2+N50+O50*2+N51+O51*2 -> 0 | P54: =P46+Q46*2+P47+Q47*2+P48+Q48*2+P49+Q49*2+P50+Q50*2+P51+Q51*2 -> 0 | R54: =R46+S46*2+R47+S47*2+R48+S48*2+R49+S49*2+R50+S50*2+R51+S51*2 -> 0 | T54: =T46+U46*2+T47+U47*2+T48+U48*2+T49+U49*2+T50+U50*2+T51+U51*2 -> 0 | V54: =V46+W46*2+V47+W47*2+V48+W48*2+V49+W49*2+V50+W50*2+V51+W51*2 -> 0 | X54: =X46+Y46*2+X47+Y47*2+X48+Y48*2+X49+Y49*2+X50+Y50*2+X51+Y51*2 -> 0 | Z54: =Z46+AA46*2+Z47+AA47*2+Z48+AA48*2+Z49+AA49*2+Z50+AA50*2+Z51+AA51*2 -> 0 | AB54: =AB46+AC46*2+AB47+AC47*2+AB48+AC48*2+AB49+AC49*2+AB50+AC50*2+AB51+AC51*2 -> 0
A55: TOTAL MTONS | D55: =D52 -> 0 | F55: =F52 -> 0 | H55: =H52 -> 0 | J55: =J52 -> 0 | L55: =L52 -> 0 | N55: =N52 -> 0 | P55: =P52 -> 0 | R55: =R52 -> 0 | T55: =T52 -> 0 | V55: =V52 -> 0 | X55: =X52 -> 0 | Z55: =Z52 -> 0 | AB55: =AB52 -> 0
A58: Move Count Utilised (Sheet) | D58: =D53+E53+AE21+AF21 -> 0 | F58: =F53+G53+AE29+AF29 -> 0 | H58: =H53+I53+AE37+AF37 -> 0 | J58: =J53+K53+AE45+AF45 -> 0 | L58: =L53+M53+0 -> 0 | N58: =N53+O53+0 -> 0 | P58: =P53+Q53+0 -> 0 | R58: =R53+S53+0 -> 0 | T58: =T53+U53+0 -> 0 | V58: =V53+W53+0 -> 0 | X58: =X53+Y53+0 -> 0 | Z58: =Z53+AA53+0 -> 0 | AB58: =AB53+AC53+0 -> 0
A59: Move Count Utilised (WB+EB) | D59: =SUMIF(WB!$D$3:$Y$3,D3,WB!$D$106:$Y$106)+SUMIF(EB!$D$3:$AC$3,D3,EB!$D$58:$AC$58) -> 0 | F59: =SUMIF(WB!$D$3:$Y$3,F3,WB!$D$106:$Y$106)+SUMIF(EB!$D$3:$AC$3,F3,EB!$D$58:$AC$58) -> 0 | H59: =SUMIF(WB!$D$3:$Y$3,H3,WB!$D$106:$Y$106)+SUMIF(EB!$D$3:$AC$3,H3,EB!$D$58:$AC$58) -> 0 | J59: =SUMIF(WB!$D$3:$Y$3,J3,WB!$D$106:$Y$106)+SUMIF(EB!$D$3:$AC$3,J3,EB!$D$58:$AC$58) -> 0 | L59: =SUMIF(WB!$D$3:$Y$3,L3,WB!$D$106:$Y$106)+SUMIF(EB!$D$3:$AC$3,L3,EB!$D$58:$AC$58) -> 0 | N59: =SUMIF(WB!$D$3:$Y$3,N3,WB!$D$106:$Y$106)+SUMIF(EB!$D$3:$AC$3,N3,EB!$D$58:$AC$58) -> 0 | P59: =SUMIF(WB!$D$3:$Y$3,P3,WB!$D$106:$Y$106)+SUMIF(EB!$D$3:$AC$3,P3,EB!$D$58:$AC$58) -> 0 | R59: =SUMIF(WB!$D$3:$Y$3,R3,WB!$D$106:$Y$106)+SUMIF(EB!$D$3:$AC$3,R3,EB!$D$58:$AC$58) -> 0 | T59: =SUMIF(WB!$D$3:$Y$3,T3,WB!$D$106:$Y$106)+SUMIF(EB!$D$3:$AC$3,T3,EB!$D$58:$AC$58) -> 0 | V59: =SUMIF(WB!$D$3:$Y$3,V3,WB!$D$106:$Y$106)+SUMIF(EB!$D$3:$AC$3,V3,EB!$D$58:$AC$58) -> 0 | X59: =SUMIF(WB!$D$3:$Y$3,X3,WB!$D$106:$Y$106)+SUMIF(EB!$D$3:$AC$3,X3,EB!$D$58:$AC$58) -> 0 | Z59: =SUMIF(WB!$D$3:$Y$3,Z3,WB!$D$106:$Y$106)+SUMIF(EB!$D$3:$AC$3,Z3,EB!$D$58:$AC$58) -> 0 | AB59: =SUMIF(WB!$D$3:$Y$3,AB3,WB!$D$106:$Y$106)+SUMIF(EB!$D$3:$AC$3,AB3,EB!$D$58:$AC$58) -> 0
A60: Move Count Limit
A61: Balance Move Count | D61: =D60-D59 -> 0 | F61: =F60-F59 -> 0 | H61: =H60-H59 -> 0 | J61: =J60-J59 -> 0 | L61: =L60-L59 -> 0 | N61: =N60-N59 -> 0 | P61: =P60-P59 -> 0 | R61: =R60-R59 -> 0 | T61: =T60-T59 -> 0 | V61: =V60-V59 -> 0 | X61: =X60-X59 -> 0 | Z61: =Z60-Z59 -> 0 | AB61: =AB60-AB59 -> 0
